"﻿id";"name";"url";"category";"currencyId";"param";"picture";"oldprice";"price"
"1005011678627876";"50 Adet Nokta Kağıt Pişirme Bardak Yapışmaz Muffin Gömlekleri Yağlı Kek Sarmalayıcılar Düğün Doğum Günü Partisi için Kek Astar";"https://rzekl.com/g/1e8d11449462ceef436f16525dc3e8/?ulp=https%3A%2F%2Fs.click.aliexpress.com%2Fdeep_link.htm%3Faff_short_key%3D_c3s1yQkJ%26dl_target_url%3Dhttps%253A%252F%252Fwww.aliexpress.com%252Fitem%252F1005011678627876.html%253Fpdp_npi%253D4%252540dis%252521USD%2525213.35%2525211.61%252521%252521%25252123.05%25252111.06%252521%2525402151f59517708508662698218e59ea%25252112000056228138254%252521affd%252521%252521%252521%26hot_product%3D0&i=5&f_id=50002";"Kitchen,Dining & Bar";"USD";"discount|52%|;commissionRate|5.38%|;shopId|1102311785|;";"https://ae-pic-a1.aliexpress-media.com/kf/S7487af094aec40d6834b6cfbeac8d090R.jpg";"146.07";"70.20"
"1005008047028858";"GX16 2 3 4 5 6 7 8pin Ters montaj Havacılık Fişi DF16 Lehimleme Konnektörü M16F Sinyal Soketi M16F 300/500 V Erkek Dişi Set";"https://rzekl.com/g/1e8d11449462ceef436f16525dc3e8/?ulp=https%3A%2F%2Fs.click.aliexpress.com%2Fdeep_link.htm%3Faff_short_key%3D_c3s1yQkJ%26dl_target_url%3Dhttps%253A%252F%252Fwww.aliexpress.com%252Fitem%252F1005008047028858.html%253Fpdp_npi%253D4%252540dis%252521USD%2525212.24%2525211.61%252521%252521%25252115.42%25252111.10%252521%25254021411b6217708508737593754e1711%25252112000043418175377%252521affd%252521%252521%252521%26hot_product%3D0&i=5&f_id=50002";"Electrical Equipment & Supplies";"USD";"discount|28%|;commissionRate|5.38%|;shopId|1103787214|;";"https://ae-pic-a1.aliexpress-media.com/kf/S3c65838685894275a2dd6e9ffa0dc0034.jpg";"97.67";"70.20"
"1005001537343232";"1 adet UHF PL259 Erkek Vidalı Kaplin Konnektörü Lehim RG5 RG6 5D-FB LMR300 Kablo Düz Yeni";"https://rzekl.com/g/1e8d11449462ceef436f16525dc3e8/?ulp=https%3A%2F%2Fs.click.aliexpress.com%2Fdeep_link.htm%3Faff_short_key%3D_c3s1yQkJ%26dl_target_url%3Dhttps%253A%252F%252Fwww.aliexpress.com%252Fitem%252F1005001537343232.html%253Fpdp_npi%253D4%252540dis%252521USD%2525212.64%2525211.61%252521%252521%2525212.64%2525211.61%252521%2525402102f32217708508784901057ee2cb%25252112000016508247628%252521affd%252521%252521%252521%26hot_product%3D0&i=5&f_id=50002";"Electrical Equipment & Supplies";"USD";"discount|39%|;commissionRate|5.38%|;shopId|910733027|;";"https://ae-pic-a1.aliexpress-media.com/kf/H4dc9761b25f9466ca116185364ebccc3w.jpg";"115.11";"70.20"
"1005010649996976";"100 adet/takım Doğal Filtre Kağıdı Çay Poşeti Boş Çok Fonksiyonlu Tek Kullanımlık Çay Poşetleri Ev Baharat Filtreleri Poşet Yapımı";"https://rzekl.com/g/1e8d11449462ceef436f16525dc3e8/?ulp=https%3A%2F%2Fs.click.aliexpress.com%2Fdeep_link.htm%3Faff_short_key%3D_c3s1yQkJ%26dl_target_url%3Dhttps%253A%252F%252Fwww.aliexpress.com%252Fitem%252F1005010649996976.html%253Fpdp_npi%253D4%252540dis%252521USD%2525212.40%2525211.61%252521%252521%25252116.54%25252111.08%252521%2525402151f59517708509086442065e598e%25252112000053079878669%252521affd%252521%252521%252521%26hot_product%3D0&i=5&f_id=50002";"Kitchen,Dining & Bar";"USD";"discount|33%|;commissionRate|5.38%|;shopId|1963147|;";"https://ae-pic-a1.aliexpress-media.com/kf/S2cbf6bc7ec064e04b0f76338a53747f3l.jpg";"104.65";"70.20"
"32810034304";"5-100 adet 2pin 8mm 10mm 3pin 4pin 5pin 6pin led bağlantı kablosu Ücretsiz Kaynak 5050 3528 Tek Renk RGB RGBW RGBCCT LED Şerit";"https://rzekl.com/g/1e8d11449462ceef436f16525dc3e8/?ulp=https%3A%2F%2Fs.click.aliexpress.com%2Fdeep_link.htm%3Faff_short_key%3D_c3s1yQkJ%26dl_target_url%3Dhttps%253A%252F%252Fwww.aliexpress.com%252Fitem%252F32810034304.html%253Fpdp_npi%253D4%252540dis%252521USD%2525212.20%2525211.61%252521%252521%2525212.20%2525211.61%252521%252540213bf77217708509155218035ebb0c%25252112000021107429701%252521affd%252521%252521%252521%26hot_product%3D0&i=5&f_id=50002";"Electrical Equipment & Supplies";"USD";"discount|27%|;commissionRate|5.38%|;shopId|822899|;";"https://ae-pic-a1.aliexpress-media.com/kf/Hda98471cdebf48689182fab62d2c4c013.jpg";"95.93";"70.20"
"1005008365372507";"Paslanmaz Çelik Yay Şekli Köstek Karabina D Halka Fob Anahtarlık Anahtarlık Kanca Kamp Yürüyüş için Vidalı Bağlantı Konnektörü Toka";"https://rzekl.com/g/1e8d11449462ceef436f16525dc3e8/?ulp=https%3A%2F%2Fs.click.aliexpress.com%2Fdeep_link.htm%3Faff_short_key%3D_c3s1yQkJ%26dl_target_url%3Dhttps%253A%252F%252Fwww.aliexpress.com%252Fitem%252F1005008365372507.html%253Fpdp_npi%253D4%252540dis%252521USD%2525212.56%2525211.61%252521%252521%25252117.58%25252111.08%252521%25254021411b6217708511361262987e1714%25252112000044731504638%252521affd%252521%252521%252521%26hot_product%3D0&i=5&f_id=50002";"Jewelry Making";"USD";"discount|37%|;commissionRate|5.38%|;shopId|1103339717|;";"https://ae-pic-a1.aliexpress-media.com/kf/S354fddef17384462990ff8f398d1a9a75.jpg";"111.62";"70.20"
"1005010256960312";"Paslanmaz Çelik Altın Kaplama 10mm Istakoz Klipsler, Takı Konnektörleri Için Kilitler DIY Bilezik Yapımı Aksesuarları, Takı Için Klipsler";"https://rzekl.com/g/1e8d11449462ceef436f16525dc3e8/?ulp=https%3A%2F%2Fs.click.aliexpress.com%2Fdeep_link.htm%3Faff_short_key%3D_c3s1yQkJ%26dl_target_url%3Dhttps%253A%252F%252Fwww.aliexpress.com%252Fitem%252F1005010256960312.html%253Fpdp_npi%253D4%252540dis%252521USD%2525213.43%2525211.61%252521%252521%2525213.43%2525211.61%252521%2525402102f32217708511408393270ee2d4%25252112000051692626980%252521affd%252521%252521%252521%26hot_product%3D0&i=5&f_id=50002";"Jewelry Making";"USD";"discount|53%|;commissionRate|5.38%|;shopId|1102411749|;";"https://ae-pic-a1.aliexpress-media.com/kf/Sfd755a8fdcaa4cc0977fee0f423f44637.jpg";"149.56";"70.20"
"1005008650451568";"14 K/18 K Altın Kaplama Boncuk Çerçeveleri, Kare Çerçeve Boncuk Spacer Konnektörleri DIY Takı Yapımı Malzemeleri, Bilezik Aksesuarları";"https://rzekl.com/g/1e8d11449462ceef436f16525dc3e8/?ulp=https%3A%2F%2Fs.click.aliexpress.com%2Fdeep_link.htm%3Faff_short_key%3D_c3s1yQkJ%26dl_target_url%3Dhttps%253A%252F%252Fwww.aliexpress.com%252Fitem%252F1005008650451568.html%253Fpdp_npi%253D4%252540dis%252521USD%2525213.43%2525211.61%252521%252521%2525213.43%2525211.61%252521%2525402140e70617708511550751064ed2db%25252112000046098270273%252521affd%252521%252521%252521%26hot_product%3D0&i=5&f_id=50002";"Jewelry Making";"USD";"discount|53%|;commissionRate|5.38%|;shopId|911520087|;";"https://ae-pic-a1.aliexpress-media.com/kf/Scacb2b59114547439e675b369694032e9.jpg";"149.56";"70.20"
"1005010448450028";"4mm 6mm 8mm 18 K Altın Kaplama Pirinç Zirkon ile Yuvarlak ara parça Boncuk Boncuk, Metal Ayırıcı Boncuk, DIY Takı Yapımı Malzemeleri";"https://rzekl.com/g/1e8d11449462ceef436f16525dc3e8/?ulp=https%3A%2F%2Fs.click.aliexpress.com%2Fdeep_link.htm%3Faff_short_key%3D_c3s1yQkJ%26dl_target_url%3Dhttps%253A%252F%252Fwww.aliexpress.com%252Fitem%252F1005010448450028.html%253Fpdp_npi%253D4%252540dis%252521USD%2525213.43%2525211.61%252521%252521%2525213.43%2525211.61%252521%2525402140f4b917708511804225075e2ba6%25252112000052445273133%252521affd%252521%252521%252521%26hot_product%3D0&i=5&f_id=50002";"Jewelry Making";"USD";"discount|53%|;commissionRate|5.38%|;shopId|1102411749|;";"https://ae-pic-a1.aliexpress-media.com/kf/S5dc5aa68cf9e48e0a3f9c1085c25a0eeV.jpg";"149.56";"70.20"
"1005011686299156";"40 adet yuvarlak boncuk küpe kolye daire Hoop takı yapımı malzemeleri yetişkinler için DIY küpe bulguları paslanmaz çelik";"https://rzekl.com/g/1e8d11449462ceef436f16525dc3e8/?ulp=https%3A%2F%2Fs.click.aliexpress.com%2Fdeep_link.htm%3Faff_short_key%3D_c3s1yQkJ%26dl_target_url%3Dhttps%253A%252F%252Fwww.aliexpress.com%252Fitem%252F1005011686299156.html%253Fpdp_npi%253D4%252540dis%252521USD%2525213.22%2525211.61%252521%252521%25252122.14%25252111.07%252521%2525402140f4b917708511954325149e2ba6%25252112000056248720436%252521affd%252521%252521%252521%26hot_product%3D0&i=5&f_id=50002";"Jewelry Making";"USD";"discount|50%|;commissionRate|5.38%|;shopId|1104115600|;";"https://ae-pic-a1.aliexpress-media.com/kf/Sbbac73ba82394dd4b8b635bf091cd7c0X.jpg";"140.40";"70.20"
"1005009339035106";"20 adet Rastgele Mix Sevimli Paslanmaz Çelik Emaye Charms Kolye Balık Denizyıldızı Çiçek Nazar DIY Takı Yapımı Aksesuarları";"https://rzekl.com/g/1e8d11449462ceef436f16525dc3e8/?ulp=https%3A%2F%2Fs.click.aliexpress.com%2Fdeep_link.htm%3Faff_short_key%3D_c3s1yQkJ%26dl_target_url%3Dhttps%253A%252F%252Fwww.aliexpress.com%252Fitem%252F1005009339035106.html%253Fpdp_npi%253D4%252540dis%252521USD%2525211.61%2525211.61%252521%252521%2525211.61%2525211.61%252521%25254021410ce717708512111285245e2ac2%25252112000048801643029%252521affd%252521%252521%252521%26hot_product%3D0&i=5&f_id=50002";"Jewelry Making";"USD";"discount|0%|;commissionRate|5.38%|;shopId|1829005|;";"https://ae-pic-a1.aliexpress-media.com/kf/See31f7bd71b04a8ba7fc2d3fed166982W.jpg";"";"70.20"
"4000286700773";"50 adet 20 25 30 35 mm Gümüş Altın Renk Çemberler Büyük Daire Kulak Damızlık Çemberler Küpe Teller DIY Brincos Takı Yapımı Boş Taban";"https://rzekl.com/g/1e8d11449462ceef436f16525dc3e8/?ulp=https%3A%2F%2Fs.click.aliexpress.com%2Fdeep_link.htm%3Faff_short_key%3D_c3s1yQkJ%26dl_target_url%3Dhttps%253A%252F%252Fwww.aliexpress.com%252Fitem%252F4000286700773.html%253Fpdp_npi%253D4%252540dis%252521USD%2525211.64%2525211.61%252521%252521%2525211.64%2525211.61%252521%252540210144ab17708513363933885ede05%25252110000001188123612%252521affd%252521%252521%252521%26hot_product%3D0&i=5&f_id=50002";"Jewelry Making";"USD";"discount|1%|;commissionRate|5.38%|;shopId|1394985|;";"https://ae-pic-a1.aliexpress-media.com/kf/He401439e2b924af492f224c4013ea555C.jpg";"71.51";"70.20"
"1005007326584365";"1 iplikçik/lot 4/6/8/10/12mm Siyah Cam Boncuk Pürüzsüz Yuvarlak Gevşek halka boncuk Takı Yapımı Için DIY Charm Bilezik Kolye";"https://rzekl.com/g/1e8d11449462ceef436f16525dc3e8/?ulp=https%3A%2F%2Fs.click.aliexpress.com%2Fdeep_link.htm%3Faff_short_key%3D_c3s1yQkJ%26dl_target_url%3Dhttps%253A%252F%252Fwww.aliexpress.com%252Fitem%252F1005007326584365.html%253Fpdp_npi%253D4%252540dis%252521USD%2525211.64%2525211.61%252521%252521%2525211.64%2525211.61%252521%2525402140f4b917708513640728799e2c58%25252112000040280214528%252521affd%252521%252521%252521%26hot_product%3D0&i=5&f_id=50002";"Jewelry Making";"USD";"discount|1%|;commissionRate|5.38%|;shopId|1526219|;";"https://ae-pic-a1.aliexpress-media.com/kf/Sc99fafe7bf464306be91af708eed3742g.jpg";"71.51";"70.20"
"32841768911";"Japon Sevimli Kiraz Çiçeği Küpe Kızlar Için Öğrenci Romantik Emaye Pembe Sakura Çocuk Çocuk Küpe";"https://rzekl.com/g/1e8d11449462ceef436f16525dc3e8/?ulp=https%3A%2F%2Fs.click.aliexpress.com%2Fdeep_link.htm%3Faff_short_key%3D_c3s1yQkJ%26dl_target_url%3Dhttps%253A%252F%252Fwww.aliexpress.com%252Fitem%252F32841768911.html%253Fpdp_npi%253D4%252540dis%252521USD%2525211.89%2525211.61%252521%252521%2525211.89%2525211.61%252521%2525402102e09d17708514949438651e4f51%25252165125918424%252521affd%252521%252521%252521%26hot_product%3D0&i=5&f_id=50002";"Customized Jewelry";"USD";"discount|15%|;commissionRate|5.38%|;shopId|1766158|;";"https://ae-pic-a1.aliexpress-media.com/kf/S77dc0a1c58ce456e9cfc6cf861b536c4E.jpg";"82.41";"70.20"
"1005002383126895";"Doğal Gül Kuvars Kolye Kolye Aksesuarları Basit Şık Kolye Kolye Kadın Erkek Takı Kolye için En Iyi Hediye 18mm";"https://rzekl.com/g/1e8d11449462ceef436f16525dc3e8/?ulp=https%3A%2F%2Fs.click.aliexpress.com%2Fdeep_link.htm%3Faff_short_key%3D_c3s1yQkJ%26dl_target_url%3Dhttps%253A%252F%252Fwww.aliexpress.com%252Fitem%252F1005002383126895.html%253Fpdp_npi%253D4%252540dis%252521USD%2525212.30%2525211.61%252521%252521%2525212.30%2525211.61%252521%2525402102e09d17708515990278819e4f70%25252112000020446954249%252521affd%252521%252521%252521%26hot_product%3D0&i=5&f_id=50002";"Jewelry Making";"USD";"discount|30%|;commissionRate|5.38%|;shopId|5434146|;";"https://ae-pic-a1.aliexpress-media.com/kf/H7d79ea71d3b541208a715a5caadc5c8dq.jpg";"100.29";"70.20"
"1005010744088992";"Lume Özel Kazınmış Metin Adı Bilezik Erkekler Kadınlar Için Paslanmaz Çelik Erkekler Kadınlar Için Ayarlanabilir Zincir Klasik Basit Takı Hediye";"https://rzekl.com/g/1e8d11449462ceef436f16525dc3e8/?ulp=https%3A%2F%2Fs.click.aliexpress.com%2Fdeep_link.htm%3Faff_short_key%3D_c3s1yQkJ%26dl_target_url%3Dhttps%253A%252F%252Fwww.aliexpress.com%252Fitem%252F1005010744088992.html%253Fpdp_npi%253D4%252540dis%252521USD%2525213.28%2525211.61%252521%252521%25252122.56%25252111.05%252521%2525402102e09d17708516259971234e4f70%25252112000053377367679%252521affd%252521%252521%252521%26hot_product%3D0&i=5&f_id=50002";"Customized Jewelry";"USD";"discount|51%|;commissionRate|5.38%|;shopId|1105297465|;";"https://ae-pic-a1.aliexpress-media.com/kf/S48e2f4c9c14043629d9184a6c37383e0a.jpg";"143.02";"70.20"
"1005001309418276";"Doğal taş damla şeklindeki Kolye lapis lazuli çift delikli konnektör Takı Yapımı için DIY kolye Bilezik aksesuarları";"https://rzekl.com/g/1e8d11449462ceef436f16525dc3e8/?ulp=https%3A%2F%2Fs.click.aliexpress.com%2Fdeep_link.htm%3Faff_short_key%3D_c3s1yQkJ%26dl_target_url%3Dhttps%253A%252F%252Fwww.aliexpress.com%252Fitem%252F1005001309418276.html%253Fpdp_npi%253D4%252540dis%252521USD%2525212.51%2525211.61%252521%252521%2525212.51%2525211.61%252521%2525402102e09d17708516615233657e4f6f%25252112000015683522282%252521affd%252521%252521%252521%26hot_product%3D0&i=5&f_id=50002";"Jewelry Making";"USD";"discount|36%|;commissionRate|5.38%|;shopId|5123066|;";"https://ae-pic-a1.aliexpress-media.com/kf/H4b9be00a0e154112b0d5b9c0b65742eeL.jpg";"109.44";"70.20"
"1005010751710744";"GPU CPU Soğutucu Soğutma İletken Silikon Ped 100Mmx100mmx1mm Termal Ped Yüksek Kalite-ABIU";"https://rzekl.com/g/1e8d11449462ceef436f16525dc3e8/?ulp=https%3A%2F%2Fs.click.aliexpress.com%2Fdeep_link.htm%3Faff_short_key%3D_c3s1yQkJ%26dl_target_url%3Dhttps%253A%252F%252Fwww.aliexpress.com%252Fitem%252F1005010751710744.html%253Fpdp_npi%253D4%252540dis%252521USD%2525213.35%2525211.61%252521%252521%2525213.35%2525211.61%252521%2525402140e7df17708518214708571e1ee2%25252112000053395965167%252521affd%252521%252521%252521%26hot_product%3D0&i=5&f_id=50002";"Computer Components";"USD";"discount|52%|;commissionRate|5.38%|;shopId|5020142|;";"https://ae-pic-a1.aliexpress-media.com/kf/S48ac37cbd16e432aa6388ac36f44590aJ.jpg";"146.07";"70.20"
"1005008581824326";"Kadın Sext Fishnet Bodysuit Örgü Romper Günaha Lingerie Ajur Bodystockings Jartiyer Kemerler Erotik Tulum";"https://rzekl.com/g/1e8d11449462ceef436f16525dc3e8/?ulp=https%3A%2F%2Fs.click.aliexpress.com%2Fdeep_link.htm%3Faff_short_key%3D_c3s1yQkJ%26dl_target_url%3Dhttps%253A%252F%252Fwww.aliexpress.com%252Fitem%252F1005008581824326.html%253Fpdp_npi%253D4%252540dis%252521USD%2525213.82%2525211.61%252521%252521%25252126.26%25252111.03%252521%252540210158e717708518409253450ef5e8%25252112000045825887437%252521affd%252521%252521%252521%26hot_product%3D0&i=5&f_id=50002";"Jumpsuits&Rompers";"USD";"discount|58%|;commissionRate|6.92%|;shopId|900246110|;";"https://ae-pic-a1.aliexpress-media.com/kf/Sd64d808cdc0a46a1963cdf94d86cd6f3E.jpeg";"166.56";"70.20"
"1005005265651272";"UPSIRN OEM Termal Ped Silikon Alçı Termal Ped CPU GPU Kartı Su Soğutma Mat 100X100mm Yüksek Kaliteli Soğutucu Soğutma pedi";"https://rzekl.com/g/1e8d11449462ceef436f16525dc3e8/?ulp=https%3A%2F%2Fs.click.aliexpress.com%2Fdeep_link.htm%3Faff_short_key%3D_c3s1yQkJ%26dl_target_url%3Dhttps%253A%252F%252Fwww.aliexpress.com%252Fitem%252F1005005265651272.html%253Fpdp_npi%253D4%252540dis%252521USD%2525213.29%2525211.61%252521%252521%25252122.64%25252111.09%252521%2525402140f4b917708518459297535e2c54%25252112000032414581078%252521affd%252521%252521%252521%26hot_product%3D0&i=5&f_id=50002";"Computer Components";"USD";"discount|51%|;commissionRate|5.38%|;shopId|1102121891|;";"https://ae-pic-a1.aliexpress-media.com/kf/S3b1d4449a10f4af28dfeb1ad2170ff4b9.jpg";"143.45";"70.20"
"1005010727377467";"Seksi kadın Tulum Yaz Yeni Dantel Patchwork Derin V Yaka Seksi Sıkı Flared Kol Tulum See Through Partiler için Uygun";"https://rzekl.com/g/1e8d11449462ceef436f16525dc3e8/?ulp=https%3A%2F%2Fs.click.aliexpress.com%2Fdeep_link.htm%3Faff_short_key%3D_c3s1yQkJ%26dl_target_url%3Dhttps%253A%252F%252Fwww.aliexpress.com%252Fitem%252F1005010727377467.html%253Fpdp_npi%253D4%252540dis%252521USD%2525211.99%2525211.61%252521%252521%2525211.99%2525211.61%252521%2525402101364017708518511633332e0101%25252112000053327377530%252521affd%252521%252521%252521%26hot_product%3D0&i=5&f_id=50002";"Jumpsuits&Rompers";"USD";"discount|19%|;commissionRate|6.92%|;shopId|1102773846|;";"https://ae-pic-a1.aliexpress-media.com/kf/S6a6cab23b6fe4f93be78097ff17a32b0P.jpg";"86.77";"70.20"
"1005005741051668";"SONGREY Düşük profilli video kartının SRhonyra düşük profilli braketi";"https://rzekl.com/g/1e8d11449462ceef436f16525dc3e8/?ulp=https%3A%2F%2Fs.click.aliexpress.com%2Fdeep_link.htm%3Faff_short_key%3D_c3s1yQkJ%26dl_target_url%3Dhttps%253A%252F%252Fwww.aliexpress.com%252Fitem%252F1005005741051668.html%253Fpdp_npi%253D4%252540dis%252521USD%2525212.52%2525211.61%252521%252521%25252117.36%25252111.11%252521%252540210158e717708518723224263ef601%25252112000034179617007%252521affd%252521%252521%252521%26hot_product%3D0&i=5&f_id=50002";"Computer Components";"USD";"discount|36%|;commissionRate|5.38%|;shopId|912517313|;";"https://ae-pic-a1.aliexpress-media.com/kf/Sf5f58af6bf844527ad237feabd1e0364T.jpg";"109.88";"70.20"
"1005008906577923";"Bykski 4 adet/grup metal kelepçe 9.5*12.7mm /10*16mm /13*19mm Yumuşak Tüp Yardımcı Hortum Sabitleme DIY su soğutucu Aksesuarları B-SLHC";"https://rzekl.com/g/1e8d11449462ceef436f16525dc3e8/?ulp=https%3A%2F%2Fs.click.aliexpress.com%2Fdeep_link.htm%3Faff_short_key%3D_c3s1yQkJ%26dl_target_url%3Dhttps%253A%252F%252Fwww.aliexpress.com%252Fitem%252F1005008906577923.html%253Fpdp_npi%253D4%252540dis%252521USD%2525211.79%2525211.61%252521%252521%2525211.79%2525211.61%252521%2525402140e7df17708518918617278e1ec0%25252112000047146923703%252521affd%252521%252521%252521%26hot_product%3D0&i=5&f_id=50002";"Computer Components";"USD";"discount|10%|;commissionRate|5.38%|;shopId|911610445|;";"https://ae-pic-a1.aliexpress-media.com/kf/S27a54767cd9341398c0a6d123fce19b9Q.jpg";"78.05";"70.20"
"1005003430563475";"FREEZEMOD pc su soğutucusu, su soğutma sistemi kullanımı için erkekten dişiye dişli genişletici G1/4'' (uzatılmış 15mm). HYCLZ-M15";"https://rzekl.com/g/1e8d11449462ceef436f16525dc3e8/?ulp=https%3A%2F%2Fs.click.aliexpress.com%2Fdeep_link.htm%3Faff_short_key%3D_c3s1yQkJ%26dl_target_url%3Dhttps%253A%252F%252Fwww.aliexpress.com%252Fitem%252F1005003430563475.html%253Fpdp_npi%253D4%252540dis%252521USD%2525211.99%2525211.61%252521%252521%2525211.99%2525211.61%252521%2525402140e84617708519126465222e570f%25252112000025751809902%252521affd%252521%252521%252521%26hot_product%3D0&i=5&f_id=50002";"Computer Components";"USD";"discount|19%|;commissionRate|5.38%|;shopId|5254195|;";"https://ae-pic-a1.aliexpress-media.com/kf/Sce099bdf80ea4d2f9f1f89e24b4e30e8P.jpg";"86.77";"70.20"
"1005009917637719";"SıCAK SATıŞ Ses kontrolü gecikme modülü doğrudan tahrikli LED motor DIY küçük masa lambası küçük elektrikli fan elektronik yapı taşları";"https://rzekl.com/g/1e8d11449462ceef436f16525dc3e8/?ulp=https%3A%2F%2Fs.click.aliexpress.com%2Fdeep_link.htm%3Faff_short_key%3D_c3s1yQkJ%26dl_target_url%3Dhttps%253A%252F%252Fwww.aliexpress.com%252Fitem%252F1005009917637719.html%253Fpdp_npi%253D4%252540dis%252521USD%2525211.61%2525211.61%252521%252521%25252111.10%25252111.10%252521%2525402140e84617708519835984789e56fe%25252112000050572222299%252521affd%252521%252521%252521%26hot_product%3D0&i=5&f_id=50002";"Computer Components";"USD";"discount|0%|;commissionRate|5.38%|;shopId|912625963|;";"https://ae-pic-a1.aliexpress-media.com/kf/S2d96c42bf404404a9aa2e4b0bcbedcddZ.jpg";"";"70.20"
"1005009654411013";"K32C Düşük Gerilimler Ters Giriş Korumalarıyla Düşüyor 15A Yüksek Akım";"https://rzekl.com/g/1e8d11449462ceef436f16525dc3e8/?ulp=https%3A%2F%2Fs.click.aliexpress.com%2Fdeep_link.htm%3Faff_short_key%3D_c3s1yQkJ%26dl_target_url%3Dhttps%253A%252F%252Fwww.aliexpress.com%252Fitem%252F1005009654411013.html%253Fpdp_npi%253D4%252540dis%252521USD%2525212.24%2525211.61%252521%252521%25252115.38%25252111.07%252521%2525402140e7df17708520294597563e1e8b%25252112000049780045635%252521affd%252521%252521%252521%26hot_product%3D0&i=5&f_id=50002";"Computer Components";"USD";"discount|28%|;commissionRate|5.38%|;shopId|1103888375|;";"https://ae-pic-a1.aliexpress-media.com/kf/S2e963b33e11a49188e0f1f26d3dd9bf8y.jpg";"97.67";"70.20"
"1005009218212937";"(1 ADET) ADM709LARZ ADM1485ARZ-REEL ADM1485ARZ-REEL7 ADM1485JRZ-REEL ADM1486ARZ-REEL ADM3051CRZ-REEL7 ADM3061EARZ-R7 ADM3061EBRZ";"https://rzekl.com/g/1e8d11449462ceef436f16525dc3e8/?ulp=https%3A%2F%2Fs.click.aliexpress.com%2Fdeep_link.htm%3Faff_short_key%3D_c3s1yQkJ%26dl_target_url%3Dhttps%253A%252F%252Fwww.aliexpress.com%252Fitem%252F1005009218212937.html%253Fpdp_npi%253D4%252540dis%252521USD%2525212.47%2525211.61%252521%252521%25252116.97%25252111.03%252521%252540210158e717708520440972727ef640%25252112000048353346296%252521affd%252521%252521%252521%26hot_product%3D0&i=5&f_id=50002";"Computer Components";"USD";"discount|35%|;commissionRate|5.38%|;shopId|1102527759|;";"https://ae-pic-a1.aliexpress-media.com/kf/S61e158e8e8af4de49fc1380bf7f78ca3j.jpg";"107.70";"70.20"
"1005010543439040";"5 V 3PIN ARGB Denetleyici SATA Arayüzü Uzatma Kablosu Işık Kontrol Adaptörü PC Fan için CPU Soğutucu Fan ışık şeridi";"https://rzekl.com/g/1e8d11449462ceef436f16525dc3e8/?ulp=https%3A%2F%2Fs.click.aliexpress.com%2Fdeep_link.htm%3Faff_short_key%3D_c3s1yQkJ%26dl_target_url%3Dhttps%253A%252F%252Fwww.aliexpress.com%252Fitem%252F1005010543439040.html%253Fpdp_npi%253D4%252540dis%252521USD%2525213.22%2525211.61%252521%252521%2525213.22%2525211.61%252521%2525402140e84617708520460005987e570e%25252112000052763999514%252521affd%252521%252521%252521%26hot_product%3D0&i=5&f_id=50002";"Computer Components";"USD";"discount|50%|;commissionRate|5.38%|;shopId|5071430|;";"https://ae-pic-a1.aliexpress-media.com/kf/Saa04ddff868a4b14a9f2582a0650e12dP.jpg";"140.40";"70.20"
"1005009099570828";"Barrowch G1/4 Erkek - Dişi Uzatma Bağlantı Elemanı 15mm FBNYZ-G15";"https://rzekl.com/g/1e8d11449462ceef436f16525dc3e8/?ulp=https%3A%2F%2Fs.click.aliexpress.com%2Fdeep_link.htm%3Faff_short_key%3D_c3s1yQkJ%26dl_target_url%3Dhttps%253A%252F%252Fwww.aliexpress.com%252Fitem%252F1005009099570828.html%253Fpdp_npi%253D4%252540dis%252521USD%2525211.69%2525211.61%252521%252521%2525211.69%2525211.61%252521%252540210144ab17708520487682223ede19%25252112000047913137841%252521affd%252521%252521%252521%26hot_product%3D0&i=5&f_id=50002";"Computer Components";"USD";"discount|5%|;commissionRate|5.38%|;shopId|1394909|;";"https://ae-pic-a1.aliexpress-media.com/kf/S0974b56a782b446d81f03f677bf1e5aeL.jpg";"73.69";"70.20"
"1005009918906428";"20CE Etkili 2242 SSD Isı Emici Isı Dağıtımı Çözümü 2242 SSD Metal Soğutma Yeleği Kolay Kurulum Soğutma";"https://rzekl.com/g/1e8d11449462ceef436f16525dc3e8/?ulp=https%3A%2F%2Fs.click.aliexpress.com%2Fdeep_link.htm%3Faff_short_key%3D_c3s1yQkJ%26dl_target_url%3Dhttps%253A%252F%252Fwww.aliexpress.com%252Fitem%252F1005009918906428.html%253Fpdp_npi%253D4%252540dis%252521USD%2525212.47%2525211.61%252521%252521%2525212.47%2525211.61%252521%2525402140f4b917708520886158941e2c5f%25252112000050575087745%252521affd%252521%252521%252521%26hot_product%3D0&i=5&f_id=50002";"Computer Components";"USD";"discount|35%|;commissionRate|5.38%|;shopId|911729002|;";"https://ae-pic-a1.aliexpress-media.com/kf/S821d9ed909e64857ac214472c03153edF.jpg";"107.70";"70.20"
"1005008764169475";"El Arabası OGQ1204-2 Silikon Kauçuk Sönümleme Pulu";"https://rzekl.com/g/1e8d11449462ceef436f16525dc3e8/?ulp=https%3A%2F%2Fs.click.aliexpress.com%2Fdeep_link.htm%3Faff_short_key%3D_c3s1yQkJ%26dl_target_url%3Dhttps%253A%252F%252Fwww.aliexpress.com%252Fitem%252F1005008764169475.html%253Fpdp_npi%253D4%252540dis%252521USD%2525211.69%2525211.61%252521%252521%2525211.69%2525211.61%252521%2525402140f4b917708520886158941e2c5f%25252112000046568800928%252521affd%252521%252521%252521%26hot_product%3D0&i=5&f_id=50002";"Computer Components";"USD";"discount|5%|;commissionRate|5.38%|;shopId|1394909|;";"https://ae-pic-a1.aliexpress-media.com/kf/Sdf9da4a77b6544b4befa1a07f178e0893.jpg";"73.69";"70.20"
"1005008053479946";"Kadın Kazak Kazak Mizaç İşe Gidiş Kış Üstleri Düz Renk Yuvarlak Boyun Üç Çeyrek Kollu Örme Kazak Üst";"https://rzekl.com/g/1e8d11449462ceef436f16525dc3e8/?ulp=https%3A%2F%2Fs.click.aliexpress.com%2Fdeep_link.htm%3Faff_short_key%3D_c3s1yQkJ%26dl_target_url%3Dhttps%253A%252F%252Fwww.aliexpress.com%252Fitem%252F1005008053479946.html%253Fpdp_npi%253D4%252540dis%252521USD%2525211.99%2525211.61%252521%252521%2525211.99%2525211.61%252521%252540210173a317708521260912296e1697%25252112000043457611955%252521affd%252521%252521%252521%26hot_product%3D0&i=5&f_id=50002";"Sweaters&Jumpers";"USD";"discount|19%|;commissionRate|6.92%|;shopId|1102773846|;";"https://ae-pic-a1.aliexpress-media.com/kf/Sa1620a6a90d04f14ac33526954553e15R.jpg";"86.77";"70.20"
"1005009887978234";"F68C İnce Bakır Soğutucu Soğutucu Isı Emici SSD Termal Ped M.2 2280 PCI-E NVME 1.5/2/3/4mm";"https://rzekl.com/g/1e8d11449462ceef436f16525dc3e8/?ulp=https%3A%2F%2Fs.click.aliexpress.com%2Fdeep_link.htm%3Faff_short_key%3D_c3s1yQkJ%26dl_target_url%3Dhttps%253A%252F%252Fwww.aliexpress.com%252Fitem%252F1005009887978234.html%253Fpdp_npi%253D4%252540dis%252521USD%2525212.20%2525211.61%252521%252521%25252115.14%25252111.05%252521%2525402101364017708521388682413e00ca%25252112000050484775457%252521affd%252521%252521%252521%26hot_product%3D0&i=5&f_id=50002";"Computer Peripherals";"USD";"discount|27%|;commissionRate|2.30%|;shopId|1103724975|;";"https://ae-pic-a1.aliexpress-media.com/kf/Sbb6ebb2258274c9580f94aadf710b4ad7.jpg";"95.93";"70.20"
