isim,aciklama,resim,resim_url,urun_kodu,urun_url,affiliate_link
ROCKBROS bisiklet kask dikiz aynası dönebilir teleskopik ayarlanabilir esnek alüminyum bisiklet kaskı ayna bisiklet aksesuarları,CSV ile eklendi,,https://ae01.alicdn.com/kf/S2794cb51cce24006a945901a6d991bc0B.jpg,60067,/urunler/116/,https://rzekl.com/g/1e8d11449462ceef436f16525dc3e8/?ulp=https://tr.aliexpress.com/item/1005006233141870.html&subid=60067
Bisiklet Işığı Ön 15LED 4000mAh Bisiklet Işığı Su Geçirmez El Feneri USB Şarjlı MTB Yol Bisikleti Lambası Aksesuarları,CSV ile eklendi,,https://ae01.alicdn.com/kf/S6d55c81a165b4b7ba6a76b155a02da2d7.jpg,39441,/urunler/117/,https://rzekl.com/g/1e8d11449462ceef436f16525dc3e8/?ulp=https://tr.aliexpress.com/item/1005010701680809.html&subid=39441
H6C Elektrikli Bisiklet Bilgisayarı Kablolu Bisiklet Kilometre Su Geçirmez Ritim Hızı Akıllı Bisiklet Kilometre Sayacı Yol Bisikleti Dağ Bisikleti,CSV ile eklendi,,https://ae01.alicdn.com/kf/S7861ba76746a45edb1882073d463530f8.jpg,68845,/urunler/118/,https://rzekl.com/g/1e8d11449462ceef436f16525dc3e8/?ulp=https://tr.aliexpress.com/item/1005008220537822.html&subid=68845
Batı bisiklet bisiklet çantası su geçirmez yansıtıcı 10L büyük kapasiteli eyer çantası bisiklet katlanabilir kuyruk çantası MTB yol bisiklet çantası,CSV ile eklendi,,https://ae01.alicdn.com/kf/S107fc352a8614f34bf3d761961d2691b3.png,59575,/urunler/119/,https://rzekl.com/g/1e8d11449462ceef436f16525dc3e8/?ulp=https://tr.aliexpress.com/item/1005007253061683.html&subid=59575
Vintage klasik bisiklet Bell yüzük bisiklet bisiklet pirinç Retro yükseltmeleri bisiklet bisiklet uyarı boynuz Loud altın gümüş bisiklet aksesuarı,CSV ile eklendi,,https://ae01.alicdn.com/kf/Hcdbb30e9d3cd4c9abc60a540d6df73c4Z.jpg,58421,/urunler/120/,https://rzekl.com/g/1e8d11449462ceef436f16525dc3e8/?ulp=https://tr.aliexpress.com/item/1005002032238709.html&subid=58421
4K @ 60HZ Naylon Örgü HD Uyumlu V2.0 HDMI MINI HDMI MINIHDMI Uzatma Erkek - Erkek Fiş Kablosu 1M/1.5M/2M/3M/5M/10m hdtv tv,CSV ile eklendi,,https://ae01.alicdn.com/kf/S67b6bfa109974844a56abda1da0ed5e5Z.jpg,86140,/urunler/121/,https://rzekl.com/g/1e8d11449462ceef436f16525dc3e8/?ulp=https://tr.aliexpress.com/item/1005006125914378.html&subid=86140
6-9 Adet Manikür Seti Deri Kılıf Ile Profesyonel Ayak Ve Yüz Bakımı alet setleri Paslanmaz Çelik Tırnak Makası Setleri Hediye,CSV ile eklendi,,https://ae01.alicdn.com/kf/S4276ed83c27242e38d058c9c589247d2n.jpg,98471,/urunler/122/,https://rzekl.com/g/1e8d11449462ceef436f16525dc3e8/?ulp=https://tr.aliexpress.com/item/1005006966244715.html&subid=98471
VD807 Tek Kelimeyle İndüksiyonlu Taşınabilir 50/60Hz Akıllı Elektrik Kalemi Test Cihazı NCV Sensörü AC 12-300V Temassız Kablo Dedektörü Araçları,CSV ile eklendi,,https://ae01.alicdn.com/kf/Sec901b1cfa6c40fcbc3c4bc1d011ec3aa.jpg,50139,/urunler/123/,https://rzekl.com/g/1e8d11449462ceef436f16525dc3e8/?ulp=https://tr.aliexpress.com/item/1005007038071679.html&subid=50139
JANGKLIFE 110 V 220 V Elektrikli El Aletleri Elektrikli Mini Matkap Kalıp Öğütücü Gravür Parlatıcı Döner alet takımı Kiti 3000 4000,CSV ile eklendi,,https://ae01.alicdn.com/kf/Sd8aac55996bc4f40b38b1dc525c9e97a5.jpg,23415,/urunler/125/,https://rzekl.com/g/1e8d11449462ceef436f16525dc3e8/?ulp=https://tr.aliexpress.com/item/1005006931294880.html&subid=23415
Yeni Akıllı Müzik Boks Makinesi Yetişkin/Çocuk Spor Fitness Boks Eğitmeni Ev Egzersiz Tepki Eğitimi Boks Duvar Hedefi,CSV ile eklendi,,https://ae01.alicdn.com/kf/S7d4e8e34ef634f1484f82afbcd9bcf0bs.jpg,96683,/urunler/126/,https://rzekl.com/g/1e8d11449462ceef436f16525dc3e8/?ulp=https://tr.aliexpress.com/item/1005008352502169.html&subid=96683
PJT Yeni Bisiklet Kask Emniyet Kapağı Ultralight Bisiklet Kaskları Yol Mtb Yarış Bisikleti Ekipmanları Kadın Erkek Kalıp İçi Bisiklet Kaskı,CSV ile eklendi,,https://ae01.alicdn.com/kf/S01e5837810584142a5e53c9527b1be1fg.jpg,36429,/urunler/127/,https://rzekl.com/g/1e8d11449462ceef436f16525dc3e8/?ulp=https://tr.aliexpress.com/item/1005007380733791.html&subid=36429
HILDA Elektrikli Matkap 21 V Güç Aracı Akülü Elektrikli Döner Matkap Kafası Teklif 25 + 3 Tork Ayarı Modları Makita Pil için,CSV ile eklendi,,https://ae01.alicdn.com/kf/Sdc0f8ad541164676b3c70c5223e624532.jpg,07151,/urunler/128/,https://rzekl.com/g/1e8d11449462ceef436f16525dc3e8/?ulp=https://tr.aliexpress.com/item/1005009513970408.html&subid=07151
HILDA 12V 16.8V Akülü Matkap Elektrikli Tornavida Kablosuz Ağaç İşleme Elektrikli El Aletleri Elektrikli Matkap Mini Matkap Lityum Pil,CSV ile eklendi,,https://ae01.alicdn.com/kf/S0e7ad1fa0252481caf6a89c20eac6d8av.jpg,42455,/urunler/129/,https://rzekl.com/g/1e8d11449462ceef436f16525dc3e8/?ulp=https://tr.aliexpress.com/item/1005009483136870.html&subid=42455
Çift Lazer Temassız Termometro Tabancası Endüstriyel yüksek sıcaklık ölçer termometro Dijital Kızılötesi Termometre,CSV ile eklendi,,https://ae01.alicdn.com/kf/Sd0f8a97d814a4932bf528f5f7c186c3ao.jpg,95008,/urunler/131/,https://rzekl.com/g/1e8d11449462ceef436f16525dc3e8/?ulp=https://tr.aliexpress.com/item/1005003800831151.html&subid=95008
1080 P Mini HDMI Uyumlu Dönüştürücü Kablo Adaptörü Standart Dizüstü Bilgisayar Kamera Projektör için HDTV'ye HDTV Uzatın-HDTV Kablosu,CSV ile eklendi,,https://ae01.alicdn.com/kf/Sd7d7a01a92794ef08fbd98bc0bb528c0P.jpg,29139,/urunler/132/,https://rzekl.com/g/1e8d11449462ceef436f16525dc3e8/?ulp=https://tr.aliexpress.com/item/1005009201329634.html&subid=29139
Askeri Saatler Erkekler İzle 2025 Yeni 50M Su Geçirmez Kol Saati Kronometre Alarm LED Işık Dijital Saatler 8121 Erkek Spor Saati,CSV ile eklendi,,https://ae01.alicdn.com/kf/Sf2af5222cf264131a26192596790e3d4h.jpg,55839,/urunler/134/,https://rzekl.com/g/1e8d11449462ceef436f16525dc3e8/?ulp=https://tr.aliexpress.com/item/1005010338772404.html&subid=55839
NAVIFORCE Moda Popüler LCD Dijital Erkek Saati Tarih Hafta Alarm Su Geçirmez Saat Silikon Kayış Moda Günlük Elektronik Saat,CSV ile eklendi,,https://ae01.alicdn.com/kf/S2a7b97b2ece84c969c6d26095fba5d5dg.jpg,33412,/urunler/135/,https://rzekl.com/g/1e8d11449462ceef436f16525dc3e8/?ulp=https://tr.aliexpress.com/item/1005010667833032.html&subid=33412
SKMEI 2346 Yeni Gelen Renkli Moda Unisex Erkek Kadın Zaman Göstergeli Büyük Dijital Ekranlı PC Klasik Spor Saat Kronograf Kol Saati,CSV ile eklendi,,https://ae01.alicdn.com/kf/S34e0745513e44b749b283f97c80e0494V.jpg,42403,/urunler/136/,https://rzekl.com/g/1e8d11449462ceef436f16525dc3e8/?ulp=https://tr.aliexpress.com/item/1005010733036519.html&subid=42403
Erkekler izle su elmas lüks gece Glow çift takvim kuvars hareketi 41mm mavi altın paslanmaz çelik moda iş izle,CSV ile eklendi,,https://ae01.alicdn.com/kf/S68da38d50f5d4a7fb5558bec2ba491b2O.jpg,68129,/urunler/137/,https://rzekl.com/g/1e8d11449462ceef436f16525dc3e8/?ulp=https://tr.aliexpress.com/item/1005006842812268.html&subid=68129
NAVIFORCE lüks marka erkek adam için kol saati askeri dijital spor saatler çelik kayış kuvars saat erkek Relogio Masculino,CSV ile eklendi,,https://ae01.alicdn.com/kf/H1d407ef96ca8471c9e94c5b418fedd46H.jpg,59992,/urunler/139/,https://rzekl.com/g/1e8d11449462ceef436f16525dc3e8/?ulp=https://tr.aliexpress.com/item/4000602555642.html&subid=59992
SANDA Moda Trendi Kare Dijital Erkek Saatleri Çok Fonksiyonlu Aydınlık Kronograf Takvim Açık Spor Su Geçirmez Erkek Izle,CSV ile eklendi,,https://ae01.alicdn.com/kf/S260a969417834e20b709e6dd35422a2dj.jpg,21702,/urunler/140/,https://rzekl.com/g/1e8d11449462ceef436f16525dc3e8/?ulp=https://tr.aliexpress.com/item/1005010670314533.html&subid=21702
SANDA Moda Üst Marka G Tarzı dijital saat Erkekler Su Geçirmez MS Spor Saatler Erkek Kız LED elektronik saat Relogio Masculino,CSV ile eklendi,,https://ae01.alicdn.com/kf/S8d9f108e75f04c4fa15d37683420a7d10.jpg,75909,/urunler/141/,https://rzekl.com/g/1e8d11449462ceef436f16525dc3e8/?ulp=https://tr.aliexpress.com/item/1005007496628738.html&subid=75909
4K Dijital Kamera 24 Milyon Piksel Video Kamera 16x Zoom Kompakt Kameralar Çocuklar Yetişkinler Yeni Başlayanlar için Otomatik Odaklama Fotoğrafçılık,CSV ile eklendi,,https://ae01.alicdn.com/kf/Sd5592dc6497643908252862ed4fc62730.jpg,32296,/urunler/143/,https://rzekl.com/g/1e8d11449462ceef436f16525dc3e8/?ulp=https://tr.aliexpress.com/item/1005010277797357.html&subid=32296
4K Dijital Kamera CCD 180 ° 16X Dijital Zoom Vintage Vlog Video Kaydedici Taşınabilir Dijital Fotoğrafçılık Çevirmeli Ekranlı Selfie Kamerası,CSV ile eklendi,,https://ae01.alicdn.com/kf/S90089c2b72c145818b8f2e959037dce5J.jpg,18133,/urunler/144/,https://rzekl.com/g/1e8d11449462ceef436f16525dc3e8/?ulp=https://tr.aliexpress.com/item/1005010428226921.html&subid=18133
4K Dijital Kamera 16x Zoomlu Kamera 1080P HD Kamera 50 Megapiksel 2.4 inç LCD Ekranlı 180 Derece Dönebilen Ekran Öğrenci Yetişkinlere Uygun Hediye,CSV ile eklendi,,https://ae01.alicdn.com/kf/S56411fb646f94077b4b411f78cddbf10o.jpg,55795,/urunler/145/,https://rzekl.com/g/1e8d11449462ceef436f16525dc3e8/?ulp=https://tr.aliexpress.com/item/1005010517244449.html&subid=55795
Serin Krom Döner Çift Taraflı Metal Klasik Vintage Bisiklet Zili Yol Dağ Üç Tekerlekli Bisiklet Retro Bisiklet Gidon Çan Güvenliği,CSV ile eklendi,,https://ae01.alicdn.com/kf/S5832b3dc6d044c91adfca8cf3260e72cM.jpeg,59192,/urunler/146/,https://rzekl.com/g/1e8d11449462ceef436f16525dc3e8/?ulp=https://tr.aliexpress.com/item/1005007512175108.html&subid=59192
Rhinowalk Bisiklet Su Şişesi Taşıyıcı Cep Kılıfı Bisiklet Yalıtımlı Gidon Alet Çantası Touring İşe Gidiş Kılıfı Fit MTB Yol Bisikleti,CSV ile eklendi,,https://ae01.alicdn.com/kf/S6a6cba3dd04442e2be276674554fe0f6c.jpg,39811,/urunler/147/,https://rzekl.com/g/1e8d11449462ceef436f16525dc3e8/?ulp=https://tr.aliexpress.com/item/1005007587997248.html&subid=39811
N + 1 Üçgen Klasik Bisiklet Zili Alüminyum Alaşımlı Uzun ömürlü Ses 3 Renk Mevcut Yol Bisikletleri MTB 19.2-31.8mm Gidon Uyar,CSV ile eklendi,,https://ae01.alicdn.com/kf/Sb9ee0538921f4e42b7ab8da44d1b41d54.jpg,50370,/urunler/148/,https://rzekl.com/g/1e8d11449462ceef436f16525dc3e8/?ulp=https://tr.aliexpress.com/item/1005008087565413.html&subid=50370
NEWBOLER Brompton Katlanır Bisiklet Işık Ön 2000 mAh Su Geçirmez Bisiklet Işık 3000 Lümen Brompton Katlanır Bisiklet Tutucu,CSV ile eklendi,,https://ae01.alicdn.com/kf/Sa15bd808b56745ee936f48e336e41fadn.jpg,03442,/urunler/149/,https://rzekl.com/g/1e8d11449462ceef436f16525dc3e8/?ulp=https://tr.aliexpress.com/item/1005010024071535.html&subid=03442
UART2 Çok Fonksiyonlu LCD Ekran Elektrikli Bisiklet Ekran Bilgisayar Bisiklet Yağmur Geçirmez Kilometre Kilometre Sayacı Bisiklet Su Geçirmez,CSV ile eklendi,,https://ae01.alicdn.com/kf/S0c6992f44d4a47488fdd9578850b9047M.jpg,45757,/urunler/150/,https://rzekl.com/g/1e8d11449462ceef436f16525dc3e8/?ulp=https://tr.aliexpress.com/item/1005008389795551.html&subid=45757
Batı bisiklet bisiklet zinciri kilidi taşınabilir anti-hırsızlık yüksek güvenlik MTB dağ bisikleti kilidi 2 tuşlu Scooter için elektrikli bisiklet,CSV ile eklendi,,https://ae01.alicdn.com/kf/S6f537dc0fe5b4a72962222fd1b7f77f4A.jpg,63247,/urunler/151/,https://rzekl.com/g/1e8d11449462ceef436f16525dc3e8/?ulp=https://tr.aliexpress.com/item/1005007567503104.html&subid=63247
WEST BIKING Bisiklet Vintage Zil Net Sesli MTB Yol Bisikleti Retro Zil Bisiklet Güvenlik Uyarı Kornası Bisiklet Aksesuarları Klasik Zil,CSV ile eklendi,,https://ae01.alicdn.com/kf/S007a34f28c9d45fb9de72b54f6303fc8y.jpg,65042,/urunler/152/,https://rzekl.com/g/1e8d11449462ceef436f16525dc3e8/?ulp=https://tr.aliexpress.com/item/1005009825119979.html&subid=65042
Rhinowalk Bisiklet Üst Tüp Çanta Su Geçirmez Bisiklet Ön Çerçeve saklama çantası Vida ve Askı sabit Bisiklet Seyahat MTB Yol Çakıl,CSV ile eklendi,,https://ae01.alicdn.com/kf/Sce8e1eefd6fa456a9e7c157ec4558c5f7.jpg,44259,/urunler/153/,https://rzekl.com/g/1e8d11449462ceef436f16525dc3e8/?ulp=https://tr.aliexpress.com/item/1005008906263935.html&subid=44259
PJT Bisiklet Kaskı Erkek Kadın Yol Dağ Bisikleti Kask Açık Bisiklet Kaykay Scooter Kalıplı Ultralight Bisiklet Kaskı,CSV ile eklendi,,https://ae01.alicdn.com/kf/Sa9b6f9130c284972ac63f6828d041c01U.jpg,56248,/urunler/154/,https://rzekl.com/g/1e8d11449462ceef436f16525dc3e8/?ulp=https://tr.aliexpress.com/item/1005009716506440.html&subid=56248
NEWBOLER 8000mAh Bisiklet Lambası Ön 2000LM Bisiklet Lambası USB Tip-C Şarjlı MTB Yol Bisiklet Lambası Bisiklet Aksesuarları,CSV ile eklendi,,https://ae01.alicdn.com/kf/Sefa00222b13845f8b4f715e9dc3eb3989.jpg,73225,/urunler/155/,https://rzekl.com/g/1e8d11449462ceef436f16525dc3e8/?ulp=https://tr.aliexpress.com/item/1005010049817364.html&subid=73225
WOSAWE termal kış bisiklet yeleği rüzgar geçirmez bisiklet ceketi kolsuz rüzgarlık arka cepler erkekler ve kadınlar için,CSV ile eklendi,,https://ae01.alicdn.com/kf/S75e18fb5f3db45baa66faccdd5fafc05t.jpg,81891,/urunler/156/,https://rzekl.com/g/1e8d11449462ceef436f16525dc3e8/?ulp=https://tr.aliexpress.com/item/1005008222928297.html&subid=81891
X-TIGER Açık Bisiklet Kafa Bandı Yaz Rüzgar Geçirmez Bisiklet Şapkalar Kış Sıcak Polar Bisiklet Spor Koşu Ter Emici Bant,CSV ile eklendi,,https://ae01.alicdn.com/kf/S1ac6a6ca9cc04bf9910d9448b22bfc0dz.jpg,78486,/urunler/157/,https://rzekl.com/g/1e8d11449462ceef436f16525dc3e8/?ulp=https://tr.aliexpress.com/item/1005005913165359.html&subid=78486
Ultra hafif bisiklet pedalları naylon DU conta rulmanları yol BMX MTB dağ bisikleti pedalı düz platform kaymaz bisiklet aksesuarları,CSV ile eklendi,,https://ae01.alicdn.com/kf/S87bbf2980f7346f4ae8d7d6e9c1d09ddb.png,04175,/urunler/158/,https://rzekl.com/g/1e8d11449462ceef436f16525dc3e8/?ulp=https://tr.aliexpress.com/item/1005009846236203.html&subid=04175
Su Geçirmez Ultra Parlak Şarj Edilebilir LED Bisiklet Farı Alüminyum Alaşımlı El Feneri,CSV ile eklendi,,https://ae01.alicdn.com/kf/Sd1a76a1ea6774402ad656927e5d047fbp.png,77023,/urunler/159/,https://rzekl.com/g/1e8d11449462ceef436f16525dc3e8/?ulp=https://tr.aliexpress.com/item/1005009880181207.html&subid=77023
Batı bisiklet bisiklet kilidi 4 haneli kod 120cm taşınabilir anti-hırsızlık çelik kablo kilidi elektrikli scooter güvenlik bisiklet aksesuarları,CSV ile eklendi,,https://ae01.alicdn.com/kf/Sf378ddb576734dfd8133228f8fdc4c12p.jpg,08288,/urunler/160/,https://rzekl.com/g/1e8d11449462ceef436f16525dc3e8/?ulp=https://tr.aliexpress.com/item/1005007087660303.html&subid=08288
Darbeye dayanıklı ergonomi bisiklet gidon sapları rahat MTB sapları kaymaz yol bisiklet sapları bisiklet aksesuarları,CSV ile eklendi,,https://ae01.alicdn.com/kf/Sf3d35ea5f69f42e890b4bfb63dd91e18e.jpg,72669,/urunler/161/,https://rzekl.com/g/1e8d11449462ceef436f16525dc3e8/?ulp=https://tr.aliexpress.com/item/1005009258443114.html&subid=72669
Rhinowalk gidon çantası bisiklet su şişesi taşıyıcı kılıfı MTB bisiklet su ısıtıcısı çantası sürme gidon çantası bisiklet aksesuarları,CSV ile eklendi,,https://ae01.alicdn.com/kf/S97a3720fe41047c79bee78340f77b98be.png,19985,/urunler/162/,https://rzekl.com/g/1e8d11449462ceef436f16525dc3e8/?ulp=https://tr.aliexpress.com/item/1005004194874995.html&subid=19985
P3C Elektrikli Bisiklet LCD Ekran Ölçer bisiklet aksesuarları LCD Panel USB UART2 Ile Dağ eBike bisiklet kilometre sayacı,CSV ile eklendi,,https://ae01.alicdn.com/kf/Sd2053afd073d4f3684d1d4b624ebf58dE.jpg,15828,/urunler/163/,https://rzekl.com/g/1e8d11449462ceef436f16525dc3e8/?ulp=https://tr.aliexpress.com/item/1005007960020858.html&subid=15828
Bisiklet çan Retro klasik temizle Loud ses çelik bakır MTB dağ bisikleti gidon halka boynuz emniyet uyarı alarmı,CSV ile eklendi,,https://ae01.alicdn.com/kf/S44abe4f8ec2444a1a635285b0942ba05c.jpg,16218,/urunler/164/,https://rzekl.com/g/1e8d11449462ceef436f16525dc3e8/?ulp=https://tr.aliexpress.com/item/1005005021189618.html&subid=16218
UART2 H6C Elektrikli Bisiklet Renkli LCD Ekran Ölçer 24 V-60 V SM/Su Geçirmez Bağlantı Fişi Ebike akıllı Ekran USB UART Ile,CSV ile eklendi,,https://ae01.alicdn.com/kf/Sab2a02b3c26d413296d7ff2164ee20dd6.jpg,55782,/urunler/165/,https://rzekl.com/g/1e8d11449462ceef436f16525dc3e8/?ulp=https://tr.aliexpress.com/item/1005006962396194.html&subid=55782
Rhinowalk Bisiklet Üçgen Çanta Su Geçirmez 1.7L Bisiklet Ön şasi çantası Bikepacking Bisiklet Seyahat saklama çantası Çok Bölmeli,CSV ile eklendi,,https://ae01.alicdn.com/kf/Sa7ba5f017c0d4196b89a9fabc58a4526G.jpg,52349,/urunler/166/,https://rzekl.com/g/1e8d11449462ceef436f16525dc3e8/?ulp=https://tr.aliexpress.com/item/1005007593408041.html&subid=52349
Batı bisiklet bisiklet bilgisayarı tutucu Garmin/Bryton/Wahoo hız göstergesi bisiklet ışıkları ve kamera yatağı MTB yol bisiklet aksesuarları,CSV ile eklendi,,https://ae01.alicdn.com/kf/Sde799766d8ca4851b9df66cad068e14cm.jpg,00966,/urunler/167/,https://rzekl.com/g/1e8d11449462ceef436f16525dc3e8/?ulp=https://tr.aliexpress.com/item/1005008769324329.html&subid=00966
5/8 LED Bisiklet Ön Işık USB Şarj Edilebilir 130dB Bisiklet Bisiklet Kornası Kurulumu Kolay 6 Mod Bisiklet Zili Işık,CSV ile eklendi,,https://ae01.alicdn.com/kf/S95f8674802ae4c71aa26f9ac8be70d32x.jpg,11814,/urunler/168/,https://rzekl.com/g/1e8d11449462ceef436f16525dc3e8/?ulp=https://tr.aliexpress.com/item/1005009698826290.html&subid=11814
HJC Yol Bisiklet Kask tarzı Spor Ultralight Aero Güvenle Kap Capacete Ciclismo Bisiklet Dağ Erkek kadın MTB bisiklet kaskı,CSV ile eklendi,,https://ae01.alicdn.com/kf/Sc29f17ec99694d168eed7326d97230a1f.jpg,05016,/urunler/169/,https://rzekl.com/g/1e8d11449462ceef436f16525dc3e8/?ulp=https://tr.aliexpress.com/item/1005006046085160.html&subid=05016
Batı bisiklet bisiklet manyetik kapaklı üst tüp çanta cıvatalarla monte ve askıları MTB yol bisikleti su geçirmez ön çerçeve yapılandırılmış çanta,CSV ile eklendi,,https://ae01.alicdn.com/kf/S0a913f5a06e543dc85a64453958870efi.jpg,07593,/urunler/170/,https://rzekl.com/g/1e8d11449462ceef436f16525dc3e8/?ulp=https://tr.aliexpress.com/item/1005007739175977.html&subid=07593
RIDERACE bisiklet zinciri kilidi taşınabilir anti-hırsızlık yüksek güvenlik MTB dağ bisikleti kilidi 2 tuşları ile Scooter için elektrikli e-bisiklet,CSV ile eklendi,,https://ae01.alicdn.com/kf/S6999f000c0eb4b07bbf2a23e21f03552H.png,82799,/urunler/172/,https://rzekl.com/g/1e8d11449462ceef436f16525dc3e8/?ulp=https://tr.aliexpress.com/item/1005006150132971.html&subid=82799
Batı bisiklet bisiklet pedalları mühürlü DU rulman kaymaz pedal dağ yol bisikleti bisiklet alaşım MTB pedalı bisiklet aksesuarları,CSV ile eklendi,,https://ae01.alicdn.com/kf/S4d91e507d29141edb515a26863020bc3N.jpg,83611,/urunler/173/,https://rzekl.com/g/1e8d11449462ceef436f16525dc3e8/?ulp=https://tr.aliexpress.com/item/1005006831823755.html&subid=83611
Batı bisiklet kış polar bisikletçi şapkası rüzgar geçirmez termal kafatası kap kask astar koşu kayak motosiklet sürme erkekler MTB bisiklet şapkası,CSV ile eklendi,,https://ae01.alicdn.com/kf/Sff0fbb323e384fc8aa147d9e37bb81c7t.jpg,60450,/urunler/174/,https://rzekl.com/g/1e8d11449462ceef436f16525dc3e8/?ulp=https://tr.aliexpress.com/item/1005005343117188.html&subid=60450
UART2 M5 24V 36V 48V Elektrikli Bisiklet Renkli Ekran E Scooter LCD Panel USB Ile Dağ Elektrikli Bisiklet Parçaları (6PIN),CSV ile eklendi,,https://ae01.alicdn.com/kf/Saef566136bae4c4eab31838f19a2394fe.jpg,40297,/urunler/175/,https://rzekl.com/g/1e8d11449462ceef436f16525dc3e8/?ulp=https://tr.aliexpress.com/item/1005007279213887.html&subid=40297
RIDERACE bisiklet zinciri kilidi taşınabilir anti-hırsızlık yüksek güvenlik MTB dağ bisikleti kilidi 2 tuşları ile Scooter için elektrikli e-bisiklet,CSV ile eklendi,,https://ae01.alicdn.com/kf/S639c9df1b8494b7580a84430300369a2n.png,91141,/urunler/176/,https://rzekl.com/g/1e8d11449462ceef436f16525dc3e8/?ulp=https://tr.aliexpress.com/item/1005005930573208.html&subid=91141
P3C Kablolu Ebike Bisiklet Bilgisayarı Bisiklet Kilometre Bisiklet Kilometre Sayacı Çok Yönlü Elektrikli Bisiklet Aksesuarları Bisikletler Cyclocomputer,CSV ile eklendi,,https://ae01.alicdn.com/kf/Sf047f6f6b964445da5cf7a91e0d6505en.jpg,66905,/urunler/177/,https://rzekl.com/g/1e8d11449462ceef436f16525dc3e8/?ulp=https://tr.aliexpress.com/item/1005008222290890.html&subid=66905
X-TIGER bisiklet ayakkabı kapağı kış termal polar MTB galoş kadın erkek yol yarış bisikleti ayakkabı koruyucu,CSV ile eklendi,,https://ae01.alicdn.com/kf/Sdda5fc9802eb4f30bbcc7e1ae3f4acccb.jpg,93385,/urunler/178/,https://rzekl.com/g/1e8d11449462ceef436f16525dc3e8/?ulp=https://tr.aliexpress.com/item/1005006146531779.html&subid=93385
RIDERACE spor erkekler güneş gözlüğü yol bisiklet gözlük dağ bisiklet sürme koruma gözlük gözlük Mtb bisiklet güneş gözlükleri,CSV ile eklendi,,https://ae01.alicdn.com/kf/S2a411f0eab4e4f58af98ea8680596e66p.png,98949,/urunler/179/,https://rzekl.com/g/1e8d11449462ceef436f16525dc3e8/?ulp=https://tr.aliexpress.com/item/1005005137968570.html&subid=98949
Batı bisiklet bisiklet braketi ön lamba tutucu alüminyum alaşımlı uzatma tutucu bisiklet bilgisayarı için Wahoo Bryton Garmin braketi,CSV ile eklendi,,https://ae01.alicdn.com/kf/Sd9eae23545a443fea855cff1afbc929do.jpg,03149,/urunler/180/,https://rzekl.com/g/1e8d11449462ceef436f16525dc3e8/?ulp=https://tr.aliexpress.com/item/1005008533332164.html&subid=03149
TPR Bisiklet Sapları Entegre Bisiklet Gidon Sapları Alüminyum Alaşımlı Bisiklet Kolları üzerinde Kilit kaymaz MTB Manşetleri Bisiklet Parçası,CSV ile eklendi,,https://ae01.alicdn.com/kf/S7e1c6aff278b4d91952cdf43073da8f6l.jpg,44754,/urunler/181/,https://rzekl.com/g/1e8d11449462ceef436f16525dc3e8/?ulp=https://tr.aliexpress.com/item/1005006879509573.html&subid=44754
Batı bisiklet bisiklet pedalları 3 rulmanlar Ultralight karbon Fiber tüp yol bisikleti pedalları BMX MTB düz pedallar profesyonel bisiklet parçaları,CSV ile eklendi,,https://ae01.alicdn.com/kf/Sf7ae9523aed24fe89dc0f7a7b8fc92b7M.jpg,86270,/urunler/182/,https://rzekl.com/g/1e8d11449462ceef436f16525dc3e8/?ulp=https://tr.aliexpress.com/item/1005005097028526.html&subid=86270
X-TIGER Kış Bisiklet Ayakkabıları Termal Polar MTB Bisiklet Galoşları Su Geçirmez su geçirmez ayakkabılar spor bisiklet galosları kapsar,CSV ile eklendi,,https://ae01.alicdn.com/kf/Sff47f6213d8e40aab49f16cfb0e1384bZ.jpg,45977,/urunler/183/,https://rzekl.com/g/1e8d11449462ceef436f16525dc3e8/?ulp=https://tr.aliexpress.com/item/1005010164708900.html&subid=45977
X-TIGER Kış erkek Bisiklet Önlüğü Pantolon Soğuğa Dayanıklı Sıcak Tutmak Yün Nefes 5D Jel Ped TMB Dağ Yolu bisiklet pantolonları,CSV ile eklendi,,https://ae01.alicdn.com/kf/S12ac90e86d17435393d462b4fe96f818J.jpg,63756,/urunler/184/,https://rzekl.com/g/1e8d11449462ceef436f16525dc3e8/?ulp=https://tr.aliexpress.com/item/1005007617099851.html&subid=63756
X-TIGER Kış Bisiklet Ayakkabı Kapakları Sıcaklık Rüzgar Geçirmez Bisiklet Sürme Bot Kapakları Erkekler ve Kadınlar için Çok Renkli,CSV ile eklendi,,https://ae01.alicdn.com/kf/Saa8c75650a764f95bcf174c1e49057ffo.jpg,63097,/urunler/185/,https://rzekl.com/g/1e8d11449462ceef436f16525dc3e8/?ulp=https://tr.aliexpress.com/item/1005010184651553.html&subid=63097
Açık kış bisiklet eldiveni dokunmatik ekran motosiklet eldivenleri rüzgar geçirmez spor sürme kayak eldivenleri su geçirmez 3M koşu eldivenleri,CSV ile eklendi,,https://ae01.alicdn.com/kf/S5a07b7608b28416488a9fb4cca4259eet.jpg,32022,/urunler/186/,https://rzekl.com/g/1e8d11449462ceef436f16525dc3e8/?ulp=https://tr.aliexpress.com/item/1005006367785448.html&subid=32022
"YENİ GIYO-Yansıtıcı Bisiklet Ayakkabı Kılıfları, Su Geçirmez Kış Isıtıcıları, MTB için Yarım Burun Ayakkabı Kılıfı, Yol Ayakkabıları, Galoş GUXT-03",CSV ile eklendi,,https://ae01.alicdn.com/kf/S5c81822ff8d8406c87a3d50b5a5d92875.jpg,20137,/urunler/187/,https://rzekl.com/g/1e8d11449462ceef436f16525dc3e8/?ulp=https://tr.aliexpress.com/item/1005007971768474.html&subid=20137
Batı bisiklet sıcak kış kar maskesi polar bisikletçi şapkası rüzgar geçirmez erkek kadın spor eşarp kayak bisiklet motosiklet koşu boyun ısıtıcı,CSV ile eklendi,,https://ae01.alicdn.com/kf/S50a24621ce284e429949fed6dda5e482K.jpg,45978,/urunler/188/,https://rzekl.com/g/1e8d11449462ceef436f16525dc3e8/?ulp=https://tr.aliexpress.com/item/1005005342230362.html&subid=45978
GlYO Bisiklet Arka Lambası - Otomatik Fren Algılamalı Akıllı / Akıllı Olmayan Seçenek - IP66 Su Geçirmez USB Şarj Edilebilir MTB/Yol Bisikleti için,CSV ile eklendi,,https://ae01.alicdn.com/kf/Sffea80623d24495e92263c72d4929280x.png,79732,/urunler/189/,https://rzekl.com/g/1e8d11449462ceef436f16525dc3e8/?ulp=https://tr.aliexpress.com/item/1005008734412977.html&subid=79732
Kış Balaclava Polar Isıtıcı Motosiklet Yüz Maskesi Nefes Yarım Kayak Maskesi Eşarp Motosiklet Bisiklet Bisiklet Biker Maskesi,CSV ile eklendi,,https://ae01.alicdn.com/kf/Sed6c46a122254451bcee7271178c9e377.jpg,84941,/urunler/190/,https://rzekl.com/g/1e8d11449462ceef436f16525dc3e8/?ulp=https://tr.aliexpress.com/item/1005007743631922.html&subid=84941
SCVCN Fotokromik bisiklet Bisiklet gözlükleri UV400 Bisiklet sürme Gözlük Spor MTB Doğa Sporları Golf Kamp Sürüş Oküler,CSV ile eklendi,,https://ae01.alicdn.com/kf/Sf09faf5deb9649ada74a17587a995c27X.jpg,42964,/urunler/191/,https://rzekl.com/g/1e8d11449462ceef436f16525dc3e8/?ulp=https://tr.aliexpress.com/item/1005007720653304.html&subid=42964
Taşınabilir Bisiklet Zinciri Temizleyici Bisiklet Fırçaları Scrubber Yıkama Aracı Dağ Bisikleti Temizleme Kiti Açık Aksesuar,CSV ile eklendi,,https://ae01.alicdn.com/kf/Sd0fca96fa0b84bf4b23212e0eda8d2438.jpg,03412,/urunler/192/,https://rzekl.com/g/1e8d11449462ceef436f16525dc3e8/?ulp=https://tr.aliexpress.com/item/1005005683131802.html&subid=03412
Batı bisiklet katlanabilir bisiklet kilidi güvenlik anti-hırsızlık bisiklet kilidi MTB yol bisiklet aksesuarları Scooter elektrikli bisiklet zinciri kilidi,CSV ile eklendi,,https://ae01.alicdn.com/kf/Sc3fed34b450744f7add9cb5946ad2618k.jpg,03940,/urunler/193/,https://rzekl.com/g/1e8d11449462ceef436f16525dc3e8/?ulp=https://tr.aliexpress.com/item/1005007407042386.html&subid=03940
Zincir Temizleyici Temizleme Bisiklet 3D Zincir Fırça Yıkama Aracı Seti MTB Bisiklet Koruma Yağı Bisiklet Zinciri Dağ Bisikleti Aksesuarları,CSV ile eklendi,,https://ae01.alicdn.com/kf/S1fdc3efa7d0b4d3daa8501ee593e0738o.jpg,07290,/urunler/194/,https://rzekl.com/g/1e8d11449462ceef436f16525dc3e8/?ulp=https://tr.aliexpress.com/item/1005008117481497.html&subid=07290
Batı bisiklet bisiklet katlanır kilit taşınabilir alaşımlı çelik anti-hırsızlık emniyet kilidi motosiklet e-bisiklet kilidi MTB yol bisikleti aksesuarları,CSV ile eklendi,,https://ae01.alicdn.com/kf/Sfb937ff049444c72a9739499f4009f54M.jpg,36576,/urunler/195/,https://rzekl.com/g/1e8d11449462ceef436f16525dc3e8/?ulp=https://tr.aliexpress.com/item/1005007099536639.html&subid=36576
1 adet Bisiklet Zinciri Temizleyici Dağ Yol Bisikleti Şeffaf Görselleştirme Daldırma Zincir Temizleyici Yağ Kirliliği Temizleme Aracı,CSV ile eklendi,,https://ae01.alicdn.com/kf/S6e3b75b209154f36ac3e8974e3906885p.jpg,03120,/urunler/196/,https://rzekl.com/g/1e8d11449462ceef436f16525dc3e8/?ulp=https://tr.aliexpress.com/item/1005009735452825.html&subid=03120
Bisiklet Kornası Dağ Bisikleti Mini USB Şarjlı/Pilli Su Geçirmez Elektronik Bisiklet Zili Sürüş Ekipmanı,CSV ile eklendi,,https://ae01.alicdn.com/kf/S9ffdbd899d3f4f969a2ba006bb65e825H.jpg,64861,/urunler/197/,https://rzekl.com/g/1e8d11449462ceef436f16525dc3e8/?ulp=https://tr.aliexpress.com/item/1005009982023105.html&subid=64861
"Bisiklet Tamir Alet Seti, Bisiklet Aksesuarları, Pompa Lastik Yaması ile Çoklu Alet Seti, Taşınabilir Dağ Yol Bisikleti Lastik Otomatik Alet Seti",CSV ile eklendi,,https://ae01.alicdn.com/kf/S8696365086c648048530babe27a0423by.jpg,77949,/urunler/198/,https://rzekl.com/g/1e8d11449462ceef436f16525dc3e8/?ulp=https://tr.aliexpress.com/item/1005007481795871.html&subid=77949
50 adet alüminyum bisiklet kablo uç kapakları çoklu renk fren vites değiştirici kablo ipuçları bisiklet hattı çekirdek kapakları MTB yol bisikleti için,CSV ile eklendi,,https://ae01.alicdn.com/kf/S1327a92f32d7409e85d30fe1536210f3f.jpg,60657,/urunler/199/,https://rzekl.com/g/1e8d11449462ceef436f16525dc3e8/?ulp=https://tr.aliexpress.com/item/1005008346939029.html&subid=60657
Batı bisiklet taşınabilir Mini bisiklet pompası bisiklet el hava pompası top lastik şişirme Schrader Presta vana MTB yol bisikleti aksesuarları,CSV ile eklendi,,https://ae01.alicdn.com/kf/Saec55dd9221c40349596b2c9236f8a171.jpg,46541,/urunler/200/,https://rzekl.com/g/1e8d11449462ceef436f16525dc3e8/?ulp=https://tr.aliexpress.com/item/1005005159810078.html&subid=46541
Batı bisikleti MTB bisiklet pompası 80 PSI bisiklet manuel hava pompası balon lastik şişirme Schrader vana zemin pompası aksesuarları,CSV ile eklendi,,https://ae01.alicdn.com/kf/S1b6f0e8bd71446ff882da65699e464fbK.jpg,81421,/urunler/201/,https://rzekl.com/g/1e8d11449462ceef436f16525dc3e8/?ulp=https://tr.aliexpress.com/item/1005005209277375.html&subid=81421
X-TIGER Erkekler Uzun Kollu Bisiklet Forması MTB Bisiklet Bisiklet Giyim Dağ Bisikleti Spor Nefes Gömlek Temel Serisi,CSV ile eklendi,,https://ae01.alicdn.com/kf/S70ab8e58c3b94605bb360af14d25f810u.jpg,76172,/urunler/202/,https://rzekl.com/g/1e8d11449462ceef436f16525dc3e8/?ulp=https://tr.aliexpress.com/item/1005008494431629.html&subid=76172
11 in 1 Bisiklet Tamir Aracı Kiti Dağ Bisikleti Anahtarı Tornavida Zinciri Altıgen Çok Fonksiyonlu Bisiklet Tamir Seti Bisiklet Aracı Konuştu,CSV ile eklendi,,https://ae01.alicdn.com/kf/S77c3ca3c0e29408d9614d409f08ac3f6r.jpg,37365,/urunler/203/,https://rzekl.com/g/1e8d11449462ceef436f16525dc3e8/?ulp=https://tr.aliexpress.com/item/1005007116689480.html&subid=37365
"Bisiklet Kilitleri Kablosu, Hırsızlığa Karşı Bisiklet Kilidi Zinciri, Montaj Braketi Olmadan 4 Haneli Güvenlik Sıfırlanabilir Bisiklet Kombinasyonu Sarma",CSV ile eklendi,,https://ae01.alicdn.com/kf/S1cd287a7f4634ca08673878b28d65255X.jpg,78370,/urunler/204/,https://rzekl.com/g/1e8d11449462ceef436f16525dc3e8/?ulp=https://tr.aliexpress.com/item/1005009020480222.html&subid=78370
NPY Bisiklet Tutucu Alüminyum Alaşımlı Bisiklet Gidon Telefon Montajı 360 Derece Dönebilen Cep Telefonu Raf Braketi Bisiklet Aksesuarı,CSV ile eklendi,,https://ae01.alicdn.com/kf/Sb54088b9c24949398a6af4e609493c7dy.jpg,45930,/urunler/205/,https://rzekl.com/g/1e8d11449462ceef436f16525dc3e8/?ulp=https://tr.aliexpress.com/item/1005009867142374.html&subid=45930
X-TIGER rüzgar geçirmez yansıtıcı bisiklet Jersey MTB bisiklet Windcoat süper hafif güneş kremi yürüyüş ceketi bisiklet spor giysileri,CSV ile eklendi,,https://ae01.alicdn.com/kf/Sd3a2d8c6ad604ced915f507609577c8ay.jpg,59872,/urunler/206/,https://rzekl.com/g/1e8d11449462ceef436f16525dc3e8/?ulp=https://tr.aliexpress.com/item/1005005755092422.html&subid=59872
17/13/9 Alan Usb Isıtmalı Ceket Erkek Kadın Elektrikli Isıtmalı Yelek Isıtma Yelek Isıtmalı Bodywarmer Usb İç Isı Yelek Veste,CSV ile eklendi,,https://ae01.alicdn.com/kf/Sa44d8d1d772d4df4bb905e29197a97b1A.jpg,39527,/urunler/207/,https://rzekl.com/g/1e8d11449462ceef436f16525dc3e8/?ulp=https://tr.aliexpress.com/item/1005006002975846.html&subid=39527
Yukarı Çekin Bantları Direnç Bantları Egzersiz Bantları Ev Spor Salonu Egzersiz Fitness Ekipmanları Kas Eğitimi,CSV ile eklendi,,https://ae01.alicdn.com/kf/S49ddea2e27e048099e333443e3c311395.jpg,83031,/urunler/208/,https://rzekl.com/g/1e8d11449462ceef436f16525dc3e8/?ulp=https://tr.aliexpress.com/item/1005008470985843.html&subid=83031
20 ~ 230lbs Ağır Hizmet Direnç Bandı Çeviklik Eğitimi Egzersiz spor salonu ekipmanları Yoga Pilates Aksesuarları Lastik Bant Ev Spor Salonu,CSV ile eklendi,,https://ae01.alicdn.com/kf/Se586433ce7464b2a8f64059596127c567.jpg,51149,/urunler/209/,https://rzekl.com/g/1e8d11449462ceef436f16525dc3e8/?ulp=https://tr.aliexpress.com/item/1005008251771538.html&subid=51149
Direnç Bandı Ağır Lateks Spor Elastik Kemer Yukarı Çekin Yardım Bantları Pilates Egzersiz Fitness Şekli Vücut Ev Spor Salonu,CSV ile eklendi,,https://ae01.alicdn.com/kf/Sef6fdf46ba8e415e8bf67d153a7a5b810.jpg,12706,/urunler/210/,https://rzekl.com/g/1e8d11449462ceef436f16525dc3e8/?ulp=https://tr.aliexpress.com/item/1005006706806674.html&subid=12706
Yoga Germe Bandı Ayak Germe Bandı Rehabilitasyon Eğitimi Bacak ve Ayak Germe ile Destekli Parçalı Ayar,CSV ile eklendi,,https://ae01.alicdn.com/kf/S72c59d420c9d4a05a223d1b1431d661dw.png,97169,/urunler/211/,https://rzekl.com/g/1e8d11449462ceef436f16525dc3e8/?ulp=https://tr.aliexpress.com/item/1005007298692939.html&subid=97169
"1 adet boks eğitim ipi, boks hızı Sanda Thai hava vuruşu elastik kemer direnç ipi, boks tekme boks dışında eğitim e",CSV ile eklendi,,https://ae01.alicdn.com/kf/S0bbfec3a037b453497e70303a627d1d2J.jpg,60788,/urunler/212/,https://rzekl.com/g/1e8d11449462ceef436f16525dc3e8/?ulp=https://tr.aliexpress.com/item/1005006180439972.html&subid=60788
Ev Çok Fonksiyonlu Push Up Eğitim Kurulu erkek Göğüs ve Karın Kas Eğitim Ekipmanları Taşınabilir Push Up Board,CSV ile eklendi,,https://ae01.alicdn.com/kf/S3521ac6cc00840f5865f88a7ee803601T.png,81191,/urunler/213/,https://rzekl.com/g/1e8d11449462ceef436f16525dc3e8/?ulp=https://tr.aliexpress.com/item/1005007232177922.html&subid=81191
Profesyonel Boks Eğitim Eldivenleri Yarım Parmak Deri Yastık Yetişkin Sanda Boks Eğitimi Kum Torbası Knuckles,CSV ile eklendi,,https://ae01.alicdn.com/kf/S06494ee006a047f5881dfd7fae5d2a619.jpg,09596,/urunler/214/,https://rzekl.com/g/1e8d11449462ceef436f16525dc3e8/?ulp=https://tr.aliexpress.com/item/1005006428700300.html&subid=09596
Kegel Fitness Ekipmanları Ev Egzersizi Pelvis Pelvik Kas Eğitmeni Erkekler İçin Kalça Ekipmanları Zemin Egzersiz - Güçlendirmek,CSV ile eklendi,,https://ae01.alicdn.com/kf/Se15e165e29b642aeb1c4b465886f5b5fy.jpg,01815,/urunler/215/,https://rzekl.com/g/1e8d11449462ceef436f16525dc3e8/?ulp=https://tr.aliexpress.com/item/1005008052518791.html&subid=01815
AIRBANK Cep SE Mini Taşınabilir Elektrikli Pompa Bisiklet Akülü Lastik Presta Schrader Vana Bisiklet Aksesuarları Hızlı Şarj,CSV ile eklendi,,https://ae01.alicdn.com/kf/S0429f0abcd2944f0b5ced3935063f544y.png,86601,/urunler/216/,https://rzekl.com/g/1e8d11449462ceef436f16525dc3e8/?ulp=https://tr.aliexpress.com/item/1005007075183936.html&subid=86601
AIRBANK Cep SE Mini Taşınabilir Elektrikli Pompa Bisiklet Akülü Lastik Presta Schrader Vana Bisiklet Aksesuarları Hızlı Şarj,CSV ile eklendi,,https://ae01.alicdn.com/kf/S0429f0abcd2944f0b5ced3935063f544y.png,28352,/urunler/217/,https://rzekl.com/g/1e8d11449462ceef436f16525dc3e8/?ulp=https://tr.aliexpress.com/item/1005007075183936.html&subid=28352
Mücadele eğitimi ağız koruyucusu boks sakız kalkanı Slim Fit yetişkin spor gargara futbol güreş boks diş koruma,CSV ile eklendi,,https://ae01.alicdn.com/kf/Se7a9e84673a049fa8b353947e34ac1d1K.jpg,47752,/urunler/218/,https://rzekl.com/g/1e8d11449462ceef436f16525dc3e8/?ulp=https://tr.aliexpress.com/item/1005006894841550.html&subid=47752
HOMEFISH 900x25 HD Zoom Taşınabilir Güçlü Dürbün Uzun Menzilli BAK4 Teleskop Jumelles Katlanabilir Düşük Işık Koşullarında Kullanıma Uygun Dürbün Avlanma İçin,CSV ile eklendi,,https://ae01.alicdn.com/kf/S07b519aba0e24260a423f140f9475b9eo.png,40473,/urunler/219/,https://rzekl.com/g/1e8d11449462ceef436f16525dc3e8/?ulp=https://tr.aliexpress.com/item/1005009919416582.html&subid=40473
1 çift 6oz boks eldiveni PU Muay Thai MMA meslek Kickboks çocuklar yetişkinler kum torbası eğitim eldivenleri ekipmanları,CSV ile eklendi,,https://ae01.alicdn.com/kf/S78ec608eb65c40448fcb0beacc3852b8P.png,38110,/urunler/220/,https://rzekl.com/g/1e8d11449462ceef436f16525dc3e8/?ulp=https://tr.aliexpress.com/item/1005009922995314.html&subid=38110
"2025 2000X25 HD Monoküler Teleskop, Seyahat, Yürüyüş, Balık Tutma, Kamp, Yıldız Gözlem, Konser ve Kuş Gözlemciliği için Kompakt Taşınabilir",CSV ile eklendi,,https://ae01.alicdn.com/kf/S565b9067baf4485c8b4aad66c8812f2ax.jpg,10621,/urunler/221/,https://rzekl.com/g/1e8d11449462ceef436f16525dc3e8/?ulp=https://tr.aliexpress.com/item/1005007156281263.html&subid=10621
Tam Kaplamalı Kalınlaştırılmış Deri Boks Kaskı Yetişkin Karate Muay Thai Antrenman Baş Koruyucu Spor Salonu Tekvando Koruyucu,CSV ile eklendi,,https://ae01.alicdn.com/kf/S8dba0fd10ce145478447156ab4e7cf41H.jpg,admin,/urunler/222/,https://rzekl.com/g/1e8d11449462ceef436f16525dc3e8/?ulp=https://tr.aliexpress.com/item/1005010700352669.html&subid=23776
